{"fast_rcnn/cls_accuracy": 0.07421875, "fast_rcnn/false_negative": 0.2, "fast_rcnn/fg_cls_accuracy": 0.0, "iteration": 0, "roi_head/num_bg_samples": 502.0, "roi_head/num_fg_samples": 10.0, "rpn/num_neg_anchors": 220.0, "rpn/num_pos_anchors": 36.0}
{"data_time": 0.009962482499759062, "eta_seconds": 3558719.194493424, "fast_rcnn/cls_accuracy": 0.97802734375, "fast_rcnn/false_negative": 1.0, "fast_rcnn/fg_cls_accuracy": 0.0, "iteration": 19, "loss_box_reg": 0.008194656576961279, "loss_cls": 0.2466609701514244, "loss_rpn_cls": 0.670905351638794, "loss_rpn_loc": 0.087865199893713, "lr": 0.00039962, "roi_head/num_bg_samples": 501.25, "roi_head/num_fg_samples": 10.75, "rpn/num_neg_anchors": 218.75, "rpn/num_pos_anchors": 37.25, "time": 59.33176382950023, "total_loss": 1.038626744179055}
{"data_time": 0.01046505900012562, "eta_seconds": 3483618.476204779, "fast_rcnn/cls_accuracy": 0.95068359375, "fast_rcnn/false_negative": 1.0, "fast_rcnn/fg_cls_accuracy": 0.0, "iteration": 39, "loss_box_reg": 0.12894785776734352, "loss_cls": 0.4387935996055603, "loss_rpn_cls": 0.33424532413482666, "loss_rpn_loc": 0.0753900296986103, "lr": 0.0007992199999999999, "roi_head/num_bg_samples": 486.75, "roi_head/num_fg_samples": 25.25, "rpn/num_neg_anchors": 218.75, "rpn/num_pos_anchors": 37.25, "time": 57.17021224449991, "total_loss": 1.0122839659452438}
